etp_veg,data_voo,n_dias_voo,data_solo,n_dias_solo,bloco,utm-x,utm-y,pH_H2O_sA,pH_SMP_sA,P_sA,K_sA,K_trocavel_sA,MO_sA,Ca_sA,Zn_sA,B_sA,Mn_sA,Fe_sA,Na_sA,S_sA,Mg_sA,pH_H2O_sB,pH_SMP_sB,P_sB,K_sB,K_trocavel_sB,MO_sB,Ca_sB,Zn_sB,B_sB,Mn_sB,Fe_sB,Na_sB,S_sB,Mg_sB,b_avg,b_md,b_sd,b_asm,b_krt,g_avg,g_md,g_sd,g_asm,g_krt,r_avg,r_md,r_sd,r_asm,r_krt,rd_avg,rd_md,rd_sd,rd_asm,rd_krt,nir_avg,nir_md,nir_sd,nir_asm,nir_krt,lwir_avg,lwir_md,lwir_sd,lwir_asm,lwir_krt,ndvi_avg,ndvi_md,ndvi_sd,ndvi_asm,ndvi_krt,ndre_avg,ndre_md,ndre_sd,ndre_asm,ndre_krt,savi_avg,savi_md,savi_sd,savi_asm,savi_krt,sccci_avg,sccci_md,sccci_sd,sccci_asm,sccci_krt,gli_avg,gli_md,gli_sd,gli_asm,gli_krt,mcari_avg,mcari_md,mcari_sd,mcari_asm,mcari_krt,savi_ent,gli_ent,estm_prod,prod
"Etapa 3 - Final fase reprodutiva, maturacao e colheita",2022-07-08,143,2022-07-08,143,1,777544.4498126635,8292756.338235238,6.4,6.7,23.5,80.19,0.21,3.32,5.5,8.02,1.06,1.11,32.22,9.92,,1.2,6.1,6.5,10.37,92.03,0.24,2.66,3.91,5.38,0.22,1.11,37.15,10.79,,2.66,0.026683393865823746,0.026897326111793518,0.009420380927622318,0.401209706302634,1.4943254287338874,0.04634258896112442,0.046667490154504776,0.016229646280407906,0.16065403206217518,0.0948598979301174,0.03747371584177017,0.03348638862371445,0.02379271760582924,3.5714823137238554,18.13888346118622,0.15446294844150543,0.158469557762146,0.04517111927270889,-0.22993585190460514,-0.5084669147890213,0.41739779710769653,0.432320237159729,0.11448127776384354,-0.4434353249562469,-0.28621322060298127,30359.392578125,30359.748046875,76.85157775878906,0.9841615383341086,7.66690313072572,0.8282192349433899,0.8627557158470154,0.1210990622639656,-3.4209181973730556,12.97093585211428,0.45804503560066223,0.46908503770828247,0.08259788155555725,-1.6695808625654387,5.034413033116248,0.5840544104576111,0.6194923520088196,0.12961503863334656,-1.5593252327781184,2.475968500504984,0.5517546534538269,0.5508116483688354,0.04811971262097359,0.05110893992481964,3.254868240110657,0.19739092886447906,0.21623682975769043,0.08486627042293549,-0.8685248446146059,0.2045729152391842,0.4628266990184784,0.4869394898414612,0.19598227739334106,-0.4134296355289445,-0.2961865893664104,6.740679530082554,6.02830228993588,,4636.7764601182
"Etapa 3 - Final fase reprodutiva, maturacao e colheita",2022-07-08,143,2022-07-08,143,2,777465.4272224254,8292695.0566700455,6.5,6.7,27.0,87.5,0.22,3.81,6.08,8.16,1.2,1.11,36.95,10.05,,1.57,6.0,6.5,11.87,85.08,0.22,2.98,4.81,5.51,1.36,1.11,37.06,16.6,,2.98,0.02621621824800968,0.02665896713733673,0.008806023746728897,0.10417953351799253,0.3558991800769413,0.04607010260224342,0.04675544425845146,0.015549530275166035,-0.02273671813772794,-0.314938023535384,0.033658407628536224,0.031843338161706924,0.016634365543723106,2.82284146615752,14.67161218101218,0.15310020744800568,0.1573612093925476,0.04444523900747299,-0.273620111379672,-0.526517818005618,0.4238288998603821,0.4409159719944,0.11235753446817398,-0.5717261837496719,-0.10094273364593764,30212.8203125,30209.9453125,63.489112854003906,0.7581593746711508,2.230343258708639,0.8464410305023193,0.8698482513427734,0.0928618386387825,-3.663392115334074,15.85482937874373,0.46888455748558044,0.475048691034317,0.06968743354082108,-1.2266443085812164,3.786580335858556,0.598714292049408,0.6314080357551575,0.11797676235437393,-1.599773046181858,2.702182087736408,0.5531350374221802,0.5517408847808838,0.04603906720876694,0.150553788735148,0.7439517879333728,0.21729931235313416,0.2351893037557602,0.07910612970590591,-1.161932393047387,1.1215070783745853,0.49750974774360657,0.5237423777580261,0.19334134459495544,-0.5157389549245265,-0.14746885052726277,6.598274195838304,5.972024479996153,,4976.6879391355
"Etapa 3 - Final fase reprodutiva, maturacao e colheita",2022-07-08,143,2022-07-08,143,3,777386.4046321873,8292633.775104862,6.6,6.7,23.14,120.31,0.31,3.42,6.36,7.31,1.08,1.11,31.26,9.51,,1.32,6.2,6.4,5.18,72.01,0.18,2.62,3.54,2.89,0.92,1.11,45.08,13.65,,2.62,0.02513737976551056,0.025252657011151314,0.008596436120569706,0.3819811341369594,1.4110236328660388,0.0437951534986496,0.04397844895720482,0.014920820482075214,0.11913221198874051,-0.12156657190156084,0.033837247639894485,0.031201031059026718,0.017614390701055527,2.7436133634155144,12.585774391823186,0.1455485075712204,0.14822189509868622,0.042666301131248474,-0.1532824441447773,-0.49590180846572673,0.39793071150779724,0.4096190631389618,0.10925477743148804,-0.37170027341546785,-0.2614290389617744,30137.392578125,30153.66015625,70.13994598388672,-1.9859650671715348,5.642265259927159,0.8363723158836365,0.8646557331085205,0.10020601749420166,-3.3232690574921264,12.81759854044761,0.4632904827594757,0.4715912640094757,0.07150217890739441,-1.2569500800311053,3.446116564578028,0.5736388564109802,0.6039698719978333,0.11961190402507782,-1.3713705382348242,1.8840426511008683,0.5532727241516113,0.5523816347122192,0.044360868632793427,0.11685394617034771,0.6215684978518716,0.20309612154960632,0.2220078706741333,0.08240446448326111,-0.9439537232209881,0.38536695706692026,0.44538331031799316,0.46868303418159485,0.18127399682998657,-0.43282806555557896,-0.28797810029841786,6.704688430570467,6.041976948701475,,5194.2309736317
"Etapa 3 - Final fase reprodutiva, maturacao e colheita",2022-07-08,143,2022-07-08,143,4,777307.3820419493,8292572.493539673,6.5,6.6,18.9,78.3,0.2,2.85,5.63,7.63,0.98,1.11,30.96,8.64,,1.51,6.1,6.4,4.72,66.86,0.17,2.26,2.17,2.1,0.89,1.11,41.89,10.63,,2.26,0.024859284982085228,0.02500241808593273,0.008134176954627037,0.28781001050336136,0.9690048004176881,0.04338619112968445,0.0435645654797554,0.01434130035340786,0.10700540018971794,-0.08883545521495106,0.033171698451042175,0.030760325491428375,0.016936281695961952,2.8386976782583564,13.734473442675014,0.144952654838562,0.14809098839759827,0.04135790467262268,-0.21302515898551483,-0.4350282550351503,0.3968476355075836,0.4078025817871094,0.10522831976413727,-0.3897532219468631,-0.18005040451716248,30042.984375,30051.404296875,91.49148559570312,-0.6260977615602589,0.6294851007612303,0.8394204378128052,0.8657995462417603,0.09623678773641586,-3.3931198312028075,13.513960468136048,0.4644140303134918,0.4705822467803955,0.06883696466684341,-1.1124193187214935,3.332683281952403,0.5749303102493286,0.6033716201782227,0.1154237687587738,-1.40280985624678,2.0635452255855116,0.5530598163604736,0.5513268113136292,0.046522900462150574,0.22057962768571948,0.6104466892580107,0.20557937026023865,0.22361649572849274,0.08070343732833862,-0.9792353576278453,0.5379534245677986,0.45223361253738403,0.4769085645675659,0.18182912468910217,-0.47263461199218965,-0.2530779002113608,6.653935953341667,6.03504726365695,,4530.8753117063
"Etapa 3 - Final fase reprodutiva, maturacao e colheita",2022-07-08,143,2022-07-08,143,5,777228.3594517104,8292511.211974483,6.4,6.6,12.96,82.83,0.21,3.45,5.04,6.24,1.01,1.18,51.67,11.24,,1.31,5.9,6.2,5.99,64.68,0.17,2.83,2.91,3.33,1.02,1.19,47.44,12.99,,2.83,0.02428433671593666,0.024542806670069695,0.007705472409725189,0.12816188635171497,0.418449239442368,0.042164623737335205,0.042482875287532806,0.01362929493188858,0.02972476801432633,-0.2192271473598204,0.03124191425740719,0.029447929933667183,0.015169794671237469,2.7964843910450248,13.84622233320216,0.14007312059402466,0.14297723770141602,0.03924799710512161,-0.21694786467157584,-0.4124148175130786,0.393658310174942,0.40577155351638794,0.10217192023992538,-0.46757517212018535,-0.08123986905094105,30087.71484375,30091.48828125,67.97980499267578,-0.7012166727515246,2.6152173280538067,0.8464596271514893,0.8699996471405029,0.09304435551166534,-3.7136666040104322,16.1540288406229,0.4741773307323456,0.4807479679584503,0.06992777436971664,-1.2458530581978167,3.83917208550809,0.576497495174408,0.6051790714263916,0.11310352385044098,-1.5373595367585442,2.613281436492061,0.5595363974571228,0.5583171844482422,0.046426448971033096,0.1647062626957598,0.8805014211065854,0.21112680435180664,0.22753900289535522,0.07718385756015778,-1.080961355176989,0.9578236444313619,0.44622156023979187,0.46804386377334595,0.17089244723320007,-0.5082609214115494,-0.04613691263374742,6.588266878014435,5.988979010102208,,4561.3033555705
"Etapa 3 - Final fase reprodutiva, maturacao e colheita",2022-07-08,143,2022-07-08,143,6,777149.3368614712,8292449.930409295,6.4,6.6,14.5,89.53,0.23,3.51,5.42,6.49,1.1,3.88,71.04,11.35,,1.75,6.0,6.3,5.74,96.35,0.25,2.7,3.11,2.87,1.06,1.2,52.42,11.17,,2.7,0.023929474875330925,0.024001488462090492,0.007498685736209154,0.16024715156126723,0.24290195905696077,0.04149652272462845,0.0414293073117733,0.013522456400096416,0.13452580274789577,-0.14805251131257524,0.030646024271845818,0.028843697160482407,0.014544608071446419,2.709571470831401,13.855471153957716,0.138490229845047,0.13983464241027832,0.03905276209115982,-0.08073550941705696,-0.34926391859229877,0.3898930251598358,0.39705902338027954,0.1026911586523056,-0.29412634880490846,-0.1517947884416322,30205.396484375,30223.892578125,61.70998764038086,-1.1536542152312645,1.0087485924145838,0.8476245999336243,0.8705741763114929,0.09159199148416519,-3.6757809501434338,15.746928049051988,0.47476547956466675,0.48124244809150696,0.0688961073756218,-1.2298171464359897,3.6042674087063826,0.5740405917167664,0.5989273190498352,0.11228272318840027,-1.426021427517203,2.368875887465954,0.5595117211341858,0.5586110353469849,0.04575606435537338,0.07339182868132334,0.7674301106411621,0.2110765427350998,0.22809897363185883,0.07719337195158005,-1.1200416841776475,1.0263849651210482,0.44492626190185547,0.46233946084976196,0.17226260900497437,-0.41038024678018103,-0.03926108928787819,6.634496552846064,5.962138060469456,,4825.0252287037
"Etapa 3 - Final fase reprodutiva, maturacao e colheita",2022-07-08,143,2022-07-08,143,7,777070.3142712327,8292388.648844104,6.3,6.5,13.89,86.34,0.22,3.45,4.63,5.86,0.84,1.11,41.23,8.53,,1.34,5.8,6.2,4.8,55.41,0.14,2.26,2.2,1.99,1.04,1.43,56.65,8.53,,2.26,0.02398785948753357,0.024255333468317986,0.0073779551312327385,0.11403990426131182,0.4947001415975798,0.041644174605607986,0.04187905043363571,0.013350126333534718,0.04248177374256612,-0.17978283319564214,0.03182779625058174,0.029412593692541122,0.016308501362800598,2.8574229347964626,12.83498969327687,0.137435644865036,0.1403309851884842,0.03786926716566086,-0.23959627104313105,-0.3272692615748696,0.38310733437538147,0.39509275555610657,0.09892476350069046,-0.4793587836422054,-0.08404124819451697,30369.6875,30313.22265625,172.84457397460938,0.07415626331014073,0.06822981425600894,0.8393718004226685,0.8675856590270996,0.10044443607330322,-3.3884214568938047,13.049301668581489,0.4702712595462799,0.479388028383255,0.07563646137714386,-1.2653824161902993,3.339088814808842,0.5649639964103699,0.5950640439987183,0.11496636271476746,-1.4863332291413431,2.261487951343602,0.5591269731521606,0.5588642954826355,0.049144744873046875,-0.047542178157954064,0.7574065492004749,0.20468465983867645,0.22194665670394897,0.08382705599069595,-0.8634955375097196,0.3647496496550242,0.4224964380264282,0.44569897651672363,0.16738368570804596,-0.5045273491671336,-0.19961877939730943,6.606019190045677,6.096384361114614,,4567.8533061332
"Etapa 3 - Final fase reprodutiva, maturacao e colheita",2022-07-08,143,2022-07-08,143,8,776992.551269783,8292327.619850171,6.3,6.5,10.8,81.89,0.21,3.53,4.65,5.73,1.28,1.11,45.41,8.53,,1.35,5.6,6.2,5.43,73.56,0.19,2.72,3.12,2.74,1.47,2.76,73.12,9.86,,2.72,0.025946786627173424,0.024270202964544296,0.011813686229288578,1.627786908737588,4.4051950196522816,0.045334819704294205,0.04184529930353165,0.021961679682135582,1.5960957642915214,3.7512613508767982,0.04951268807053566,0.030873820185661316,0.05540843307971954,2.6654430808968943,6.512113797517655,0.1398036777973175,0.13765016198158264,0.04818052053451538,0.5285658488949826,0.6736300405431779,0.3505633771419525,0.3546849489212036,0.10943157225847244,-0.09198955648426334,-0.5078207042111602,30672.685546875,30635.765625,321.03753662109375,0.7565568012898318,2.3038219798560586,0.7507875561714172,0.8567003011703491,0.2451106607913971,-1.9815484699630037,2.518915088691097,0.4236748218536377,0.4697275161743164,0.14738039672374725,-1.5987657888731066,1.7180788709066013,0.49171507358551025,0.5557866096496582,0.18819822371006012,-1.2020479494062415,0.3927978918792512,0.5544138550758362,0.5612505674362183,0.08954393863677979,-2.0843030843254917,14.226891656672937,0.16882793605327606,0.19839470088481903,0.10022588074207306,-0.5577386917139988,-0.9330508784077325,0.3392601013183594,0.37078917026519775,0.19922325015068054,-0.2349932793917186,-0.8313867607708607,7.114146432732378,5.707609317402946,,3663.4707041861
"Etapa 3 - Final fase reprodutiva, maturacao e colheita",2022-07-08,143,2022-07-08,143,9,777483.1682463661,8292835.360823511,6.3,6.6,24.68,63.85,0.16,3.38,4.91,5.63,0.94,1.11,56.11,8.16,,1.1,5.9,6.3,8.06,58.88,0.15,2.78,2.8,2.87,0.98,1.11,53.82,8.39,,2.78,0.026605281978845596,0.02679957076907158,0.008914798498153687,0.33063266087486276,1.2130007840703216,0.045848287642002106,0.04620079696178436,0.0151912160217762,0.07445376504909823,-0.12857432702582727,0.03549091890454292,0.03288235887885094,0.018486667424440384,3.086376994363991,15.605131025862235,0.15287213027477264,0.15645834803581238,0.043127067387104034,-0.2258424245746718,-0.49916156604438333,0.41706082224845886,0.4299365282058716,0.1104811578989029,-0.4189744325063831,-0.21108448491767495,30356.115234375,30364.728515625,85.5643539428711,0.6857800287272138,5.760498356442314,0.8364851474761963,0.8633826375007629,0.1004444882273674,-3.5855735851733623,15.252064271289957,0.4620964825153351,0.47056835889816284,0.07505778223276138,-1.356915944073682,4.083813789240364,0.5887957215309143,0.6183818578720093,0.11874344199895859,-1.4844522320276325,2.454322366651816,0.5508965253829956,0.550296425819397,0.04668862000107765,0.018896773984910957,0.7379628249002765,0.2005237638950348,0.2176208645105362,0.07962442189455032,-0.9435393876815209,0.4967739028370608,0.4654606282711029,0.4878840446472168,0.18315131962299347,-0.4448621959822916,-0.2039486710448739,6.679073781031591,6.0158436068886685,,4438.4243577197
"Etapa 3 - Final fase reprodutiva, maturacao e colheita",2022-07-08,143,2022-07-08,143,10,777404.1456572006,8292774.079256934,6.4,6.6,17.79,82.03,0.21,3.91,5.96,7.03,1.18,1.11,36.14,9.41,,1.66,6.0,6.3,10.92,78.34,0.2,2.72,4.07,4.37,1.25,1.11,41.93,10.26,,2.72,0.02632511593401432,0.026539532467722893,0.008901924826204777,0.29008687907945824,0.9765045094972824,0.0452207513153553,0.045576874166727066,0.015042143873870373,0.06841812606209072,-0.20304739400060434,0.03481278941035271,0.03236477077007294,0.018107902258634567,2.9628868071120733,14.692126149617184,0.15022632479667664,0.15368184447288513,0.043303392827510834,-0.21631967961868206,-0.5169314564220371,0.4123940169811249,0.4266659617424011,0.10921681672334671,-0.4845260747245577,-0.17571571039867173,30218.16796875,30216.693359375,59.498538970947266,1.0638146204022516,3.521491504849532,0.8375370502471924,0.864610493183136,0.10097327828407288,-3.519265989810016,14.437410389705569,0.4653000831604004,0.4726543724536896,0.07258803397417068,-1.3196029125856417,4.064829470141634,0.585882306098938,0.6173930764198303,0.11882161349058151,-1.5439555151881503,2.5247849212595925,0.554939866065979,0.5535985231399536,0.04671754315495491,0.1886007578474522,1.00646457156033,0.2018108069896698,0.2195626199245453,0.08014902472496033,-0.9674636175563788,0.5306282401422031,0.46106502413749695,0.4844503402709961,0.18534044921398163,-0.45990861327765403,-0.21256929211550668,6.6385048734443215,6.007023807161558,,4581.1151550598
"Etapa 3 - Final fase reprodutiva, maturacao e colheita",2022-07-08,143,2022-07-08,143,11,777325.1230680345,8292712.797690365,6.4,6.6,29.0,74.79,0.19,3.23,5.17,8.19,0.96,1.11,39.55,8.84,,1.22,6.0,6.4,8.37,57.08,0.15,2.72,3.58,3.41,1.05,1.27,55.19,8.98,,2.72,0.024165822193026543,0.02410873956978321,0.008394133299589157,0.4304882943810815,1.237189636343766,0.04157530516386032,0.04141503944993019,0.014521168544888496,0.2294219813321043,0.019167429035809924,0.03269409388303757,0.02990611083805561,0.01814243011176586,3.1155501062267925,15.84005608367201,0.13893237709999084,0.14069905877113342,0.04127628356218338,-0.0673264180665508,-0.39799757089864185,0.37709179520606995,0.3848814070224762,0.10559961199760437,-0.23393707856951382,-0.1386560953317253,30145.826171875,30164.109375,70.20099639892578,-1.821817937139554,4.4698490510159266,0.8334168791770935,0.862675666809082,0.10660769045352936,-3.3818177411088044,13.114615164895678,0.4600968658924103,0.46869194507598877,0.07522965967655182,-1.3595521476020573,3.915525866196841,0.5555791854858398,0.5830013751983643,0.12011696398258209,-1.3438323647912174,1.9575365382733692,0.551311731338501,0.5500466823577881,0.047112204134464264,0.18747871926389037,1.047534893525027,0.19760195910930634,0.21446943283081055,0.08375532925128937,-0.8011509276158417,0.16655253704403128,0.4230608344078064,0.43796607851982117,0.17765270173549652,-0.2776435441491566,-0.19420871173599563,6.742556171258564,6.090685089983539,,4609.0257246603
"Etapa 3 - Final fase reprodutiva, maturacao e colheita",2022-07-08,143,2022-07-08,143,12,777246.1004788686,8292651.516123795,6.4,6.7,20.21,139.89,0.36,3.28,5.78,7.32,1.45,1.11,33.57,9.27,,1.57,6.0,6.4,8.59,118.05,0.3,2.59,3.86,3.4,1.33,1.11,47.44,9.68,,2.59,0.023802412673830986,0.023816630244255066,0.008014450781047344,0.3283764100793293,0.8716364290275003,0.041124287992715836,0.041089169681072235,0.014210877940058708,0.1606941936824701,-0.11189797565890247,0.032683879137039185,0.029630638659000397,0.01826142892241478,2.871661048369725,12.613928895723241,0.13639089465141296,0.13834120333194733,0.04048407822847366,-0.11646629365266818,-0.43859232248638946,0.36974671483039856,0.3794248700141907,0.10506204515695572,-0.31612843558756243,-0.22876608491414396,30074.646484375,30084.91015625,81.82551574707031,-0.7509944165467092,0.8722293559719003,0.8292236924171448,0.8622269630432129,0.11337126791477203,-3.2590207741286235,11.837421935106656,0.45857614278793335,0.4692991375923157,0.07955076545476913,-1.4420489746343215,3.9207943881140785,0.5476453900337219,0.578323245048523,0.12392367422580719,-1.3649178277898606,1.8268429137867255,0.5518862009048462,0.551302433013916,0.04849616065621376,0.034857140129383776,1.4235793426904948,0.19585935771465302,0.21379831433296204,0.08406958729028702,-0.8255800787019971,0.15213182438372952,0.4084126949310303,0.4279003143310547,0.17351889610290527,-0.3743446175689582,-0.3146419924813455,6.755447899126486,6.0604489595073865,,5481.8269275686
"Etapa 3 - Final fase reprodutiva, maturacao e colheita",2022-07-08,143,2022-07-08,143,13,777167.0778897025,8292590.234557224,6.2,6.7,29.11,148.3,0.38,3.62,5.7,7.83,1.57,1.11,33.4,11.63,,1.65,6.0,6.5,12.81,145.43,0.37,2.74,4.28,4.28,1.96,1.11,44.16,11.56,,2.74,0.021930910646915436,0.022113418206572533,0.007153340149670839,0.11815195204321224,0.16299294240724072,0.03798515349626541,0.03812377154827118,0.012834724970161915,0.08118956275920197,-0.2213084531231968,0.029338842257857323,0.026598269119858742,0.017317181453108788,3.282465378108937,15.265817871920575,0.12566721439361572,0.12805528938770294,0.0365666002035141,-0.18940827924785805,-0.3980053868116382,0.3498394787311554,0.3610781133174896,0.0957510769367218,-0.4489585325902657,-0.1188025641792887,30107.1796875,30106.845703125,65.4607162475586,-0.26370766196101386,1.916012549428439,0.8370115160942078,0.8688379526138306,0.11670950800180435,-3.54332561852076,13.521540755651866,0.46943360567092896,0.47949910163879395,0.07919145375490189,-1.7716155125634643,5.509438322123637,0.5354600548744202,0.5669307112693787,0.1206551268696785,-1.5387370982328183,2.387550579227365,0.5602244734764099,0.5585367679595947,0.04628570005297661,0.23774622479482369,1.6569741718184412,0.2052120566368103,0.22350740432739258,0.08116860687732697,-1.0396013179790236,0.7140887269099596,0.3924200236797333,0.41344448924064636,0.16270767152309418,-0.4786065249228164,-0.15388044782598254,6.649014720905664,5.96229448480198,,4779.5424804688
"Etapa 3 - Final fase reprodutiva, maturacao e colheita",2022-07-08,143,2022-07-08,143,14,777088.0553005362,8292528.952990651,6.5,6.7,36.56,93.68,0.24,3.64,6.16,8.39,1.28,1.11,33.66,9.17,,1.75,6.2,6.4,11.58,70.88,0.18,3.04,4.43,5.86,1.28,1.24,46.09,10.08,,3.04,0.022890876978635788,0.02300240285694599,0.007509182207286358,0.14972550375454097,0.10879879155992755,0.03951219469308853,0.03951429948210716,0.013433916494250298,0.1307566702089579,-0.1913508294131736,0.030601004138588905,0.02776210755109787,0.018100176006555557,3.3929819876340277,16.832713706995897,0.13119566440582275,0.13336768746376038,0.038373321294784546,-0.17098174634938026,-0.44124517764517357,0.3655405640602112,0.3758086562156677,0.1000366061925888,-0.4058119767004509,-0.10714056856060727,30226.72265625,30238.998046875,58.80583190917969,-1.1658132024466,1.8856290815417713,0.8376696705818176,0.8686460256576538,0.11489377915859222,-3.563999791534267,13.845092478110352,0.47004735469818115,0.4799264073371887,0.07877238094806671,-1.721579044409185,5.370871040589677,0.548951268196106,0.5796535611152649,0.12149789184331894,-1.5507879959874036,2.5047507836191265,0.5604268908500671,0.5593424439430237,0.046037331223487854,0.08001968768255571,1.3677639096303338,0.20434929430484772,0.22274573147296906,0.08129708468914032,-1.0361363808619395,0.6552158325485684,0.40855199098587036,0.4307560622692108,0.1668085902929306,-0.5183219012246454,-0.12190662469264346,6.667769609617161,5.962227803595942,,5062.0512870651
"Etapa 3 - Final fase reprodutiva, maturacao e colheita",2022-07-08,143,2022-07-08,143,15,777009.0327113708,8292467.671424081,6.4,6.6,22.53,93.95,0.24,3.0,5.55,5.73,0.95,12.2,206.34,11.03,,1.22,6.1,6.4,8.9,65.24,0.17,2.64,3.34,2.55,1.01,1.11,46.24,8.48,,2.64,0.023748481646180153,0.02399251237511635,0.00769088976085186,0.09132050221566311,0.12318622496203213,0.04128626361489296,0.04147186875343323,0.013904589228332043,0.0801902606129387,-0.18764426281843205,0.031744882464408875,0.029138974845409393,0.018095381557941437,3.48159393607801,18.24452351621041,0.13604754209518433,0.13869605958461761,0.039952605962753296,-0.1942484111330351,-0.4193878016080701,0.3796159327030182,0.3915943205356598,0.10121322423219681,-0.47871731000908924,-0.06332626581070677,30389.873046875,30353.650390625,178.2353973388672,0.05736664555892066,0.011587245576168304,0.8384391665458679,0.8669909834861755,0.10975545644760132,-3.70211160604474,15.328891601612831,0.47158339619636536,0.480035662651062,0.07957928627729416,-1.542684332561244,4.897017938527418,0.5610697865486145,0.5921354293823242,0.11962858587503433,-1.614795903292189,2.788166529967566,0.561440110206604,0.5600600838661194,0.050892651081085205,0.02399745925953276,1.5759607779239166,0.20549233257770538,0.2235526591539383,0.07935646921396255,-1.0852673642252,0.7982440353048639,0.41863271594047546,0.43894094228744507,0.17184075713157654,-0.43452690893514273,-0.18465875032775836,6.627279507091226,5.941945473433707,,4873.2875343914
"Etapa 3 - Final fase reprodutiva, maturacao e colheita",2022-07-08,143,2022-07-08,143,16,776937.1432604139,8292409.480980653,6.3,6.7,18.69,55.03,0.14,3.51,6.5,6.65,1.08,1.11,32.08,8.79,,1.74,6.3,6.5,11.06,60.81,0.16,2.91,4.06,4.08,0.98,1.11,36.85,9.4,,2.91,0.02833934687077999,0.02632180228829384,0.0132301589474082,1.2992728136725302,3.0835800187134463,0.04977438971400261,0.04579278826713562,0.024020906537771225,1.1722250659610713,1.7572033611114133,0.05945265665650368,0.03526200354099274,0.06279302388429642,2.087038696112092,3.3096931909529657,0.1520066261291504,0.15105965733528137,0.052530016750097275,0.30367927596207783,0.053718046633980165,0.3627892732620239,0.3698112368583679,0.11515296250581741,-0.0969128870067208,-0.567036875003982,30725.662109375,30678.6875,327.31512451171875,0.5025685916779834,1.0253534796298416,0.717822790145874,0.8448871374130249,0.2674749195575714,-1.6246922999641333,1.0737580644126137,0.4028175473213196,0.4581126570701599,0.15895605087280273,-1.3584672111907365,0.7087924360178572,0.4835776686668396,0.562236487865448,0.20410126447677612,-1.0471811275922995,-0.18243627518751193,0.5472009778022766,0.5574313402175903,0.09828682243824005,-1.8918980754942,10.155015651083865,0.1543208211660385,0.1814744919538498,0.10409203916788101,-0.3165143245392267,-1.2024439826504676,0.3296346962451935,0.3638937771320343,0.2103048712015152,-0.1667590263035772,-1.0182114858827984,7.161251059299607,5.586399227914629,,2685.3702748418
"Etapa 3 - Final fase reprodutiva, maturacao e colheita",2022-07-08,143,2022-07-08,143,17,777421.8866797633,8292914.383412651,6.3,6.6,15.62,73.32,0.19,3.0,4.64,6.0,1.11,1.11,36.62,7.54,,1.36,6.0,6.3,7.3,76.63,0.2,2.45,2.97,3.91,1.01,1.59,48.08,8.62,,2.45,0.026730267331004143,0.026887264102697372,0.009024571627378464,0.30621236897324305,0.9521754602557797,0.045932427048683167,0.0461328849196434,0.0153553681448102,0.10586787104310677,-0.16728821265214133,0.03583238646388054,0.03336700424551964,0.018381793051958084,3.043044658015837,15.83790655125992,0.1535712480545044,0.15669319033622742,0.04391549527645111,-0.18391556425967442,-0.5070480497750838,0.4164367914199829,0.4284135103225708,0.11030406504869461,-0.40969406645180617,-0.22704891687529116,30305.580078125,30304.4921875,96.89334869384766,1.2301027750990614,5.355060669983461,0.8353703618049622,0.8612772822380066,0.09903915971517563,-3.636708920803137,15.668219770305278,0.4606095254421234,0.4675029516220093,0.06919584423303604,-1.4187524585140003,4.728112357414237,0.5875645279884338,0.6165168285369873,0.11730658262968063,-1.5141737859742679,2.5829601798666495,0.5509734153747559,0.549415111541748,0.043630439788103104,0.2584206405486572,0.9191110227586079,0.197465181350708,0.21208788454532623,0.0795508548617363,-0.8053162087452389,0.3900566388359832,0.4642990529537201,0.4847434461116791,0.18525293469429016,-0.4079252254291354,-0.19649868780047353,6.65345672459428,6.071397808137027,,4447.0192734874
"Etapa 3 - Final fase reprodutiva, maturacao e colheita",2022-07-08,143,2022-07-08,143,18,777342.8640905978,8292853.10184608,6.5,6.7,21.95,64.37,0.16,3.13,5.61,6.87,1.42,1.11,38.8,7.41,,1.29,6.2,6.4,8.16,72.62,0.19,2.58,3.42,3.34,1.1,1.41,48.47,8.76,,2.58,0.027264157310128212,0.027489550411701202,0.008938929066061974,0.22806613749415638,0.6709118951293238,0.047066882252693176,0.047352924942970276,0.015494689345359802,0.07607649345751219,-0.20494531064612342,0.03603816404938698,0.0335194431245327,0.01888618804514408,3.200383639101582,16.53626801047341,0.15639492869377136,0.15960459411144257,0.04382786899805069,-0.20518654312722448,-0.4797159691607562,0.4303582012653351,0.4435795843601227,0.11065947264432907,-0.46583780838420336,-0.13187812188806136,30240.59765625,30232.12109375,84.14332580566406,0.29532353607593803,-0.5593667525737755,0.8397434949874878,0.8646851778030396,0.09875335544347763,-3.8050846068119695,16.875335183861893,0.4663856625556946,0.47310182452201843,0.07038314640522003,-1.507167738674942,5.270342453889064,0.600485622882843,0.6301088333129883,0.11619522422552109,-1.6489743632073137,3.114767204319346,0.5548081994056702,0.553213357925415,0.04533375799655914,0.20938273933731602,1.376808012709553,0.20454153418540955,0.2217210829257965,0.07745367288589478,-1.07404573822387,0.8419468972914688,0.4812161326408386,0.5034752488136292,0.18633848428726196,-0.4862714306246505,-0.08347748368489993,6.597152307453172,5.945597695577515,,4475.2610577173
"Etapa 3 - Final fase reprodutiva, maturacao e colheita",2022-07-08,143,2022-07-08,143,19,777263.8415014314,8292791.820279505,6.4,6.7,19.92,77.12,0.2,3.13,5.64,5.66,1.16,1.11,35.35,7.59,,1.27,6.2,6.5,9.12,92.61,0.24,2.53,4.32,3.86,1.08,1.11,47.67,11.12,,2.53,0.023560991510748863,0.023707207292318344,0.007947927340865135,0.18522523446580266,0.28454435455383953,0.04139154031872749,0.04150957986712456,0.014319421723484993,0.11956390822513871,-0.16472658374319948,0.030398406088352203,0.028192590922117233,0.016418877989053726,3.0791773629750625,15.586991851219835,0.13595795631408691,0.13749884068965912,0.04112180694937706,-0.013684897351861108,-0.279375539121824,0.37829360365867615,0.3877810537815094,0.10356087237596512,-0.31328502493815613,-0.12652521617259627,30144.98046875,30163.28125,82.0843276977539,-1.0620110430066905,2.9824864861270184,0.8451113104820251,0.8697472214698792,0.1009238064289093,-3.8675749181863477,17.26797828174371,0.47117313742637634,0.47891923785209656,0.07315796613693237,-1.4498700427824267,4.776437603768575,0.5624188184738159,0.589928925037384,0.1165129542350769,-1.4800416543281916,2.5329377986018784,0.5571485757827759,0.5571390390396118,0.04956449568271637,-0.023257053567063035,2.2235110540328895,0.21881622076034546,0.23545852303504944,0.08035385608673096,-1.1131763944468298,1.1453802507962694,0.43921995162963867,0.45109981298446655,0.18114784359931946,-0.1544476169850148,0.28057266046802587,6.668886901805302,5.994792666673213,,4576.2944335938
"Etapa 3 - Final fase reprodutiva, maturacao e colheita",2022-07-08,143,2022-07-08,143,20,777184.8189122656,8292730.5387129355,6.5,6.7,35.43,70.6,0.18,3.26,5.94,6.83,1.13,1.11,40.45,8.28,,1.43,6.3,6.5,5.16,71.35,0.18,2.34,3.53,1.39,0.96,1.11,45.51,7.52,,2.34,0.022546915337443352,0.022439053282141685,0.007847522385418415,0.24610617411104027,0.1229244653818875,0.03959406167268753,0.03912833333015442,0.01454989891499281,0.2797539668804204,-0.03934986806437468,0.02926415018737316,0.026694945991039276,0.016737550497055054,3.1020835223613816,15.07226235967864,0.13023768365383148,0.129511296749115,0.042718131095170975,0.23464972530408926,-0.007401604176706655,0.36055028438568115,0.365004301071167,0.10667620599269867,-0.1513907962160824,-0.1989076830811234,30067.087890625,30074.796875,86.45518493652344,-0.5882997265990305,0.6792979121242868,0.8422459363937378,0.8702417612075806,0.10955556482076645,-3.726739167584644,15.461811924720845,0.46889564394950867,0.4794219732284546,0.07948276400566101,-1.5183304249633545,4.477903286914471,0.5452433228492737,0.5704706907272339,0.12325244396924973,-1.3320647856349845,2.0375379052625915,0.5559696555137634,0.5576337575912476,0.05356356129050255,-0.1552372057962352,1.747656035125897,0.21690000593662262,0.23429670929908752,0.08194662630558014,-1.1004725827514672,0.9992749708403843,0.42379307746887207,0.42478078603744507,0.19424007833003998,0.2603075031702342,0.7352068730324599,6.792774209660352,5.993306679523703,,4541.310546875
"Etapa 3 - Final fase reprodutiva, maturacao e colheita",2022-07-08,143,2022-07-08,143,21,777105.7963230995,8292669.257146367,6.3,6.7,23.04,129.01,0.33,2.94,5.96,7.52,1.3,3.06,105.05,11.39,,1.53,6.1,6.4,8.55,98.44,0.25,2.23,3.56,2.5,1.1,1.11,47.99,8.67,,2.23,0.021618695929646492,0.0218040831387043,0.007263609208166599,0.0700428837080655,-0.14617044255738376,0.03750085458159447,0.03764040395617485,0.013212664984166622,0.0769700105444356,-0.3139962302455306,0.028186975046992302,0.025837412104010582,0.01649952121078968,3.354760705245504,16.839584949393686,0.12182999402284622,0.1237611472606659,0.03728938475251198,-0.14381796934228747,-0.48339036128647184,0.3468274474143982,0.3571299910545349,0.09728731215000153,-0.42027888988876166,-0.16993133026573393,30132.5703125,30131.205078125,57.46196365356445,0.058032526990198265,1.2717689492289805,0.8420886993408203,0.8706361055374146,0.11250881850719452,-3.7747669799161554,15.709359928003494,0.4790898561477661,0.48725786805152893,0.07937761396169662,-1.803188084829082,6.247064710654529,0.5344270467758179,0.564582347869873,0.12016402930021286,-1.5284092606151753,2.438510409034298,0.5679513216018677,0.5660057663917542,0.04854513704776764,0.12114298922629718,2.4296334882731383,0.21162322163581848,0.22840240597724915,0.08322098851203918,-0.9912697418037396,0.7463862771395684,0.3815408945083618,0.39838457107543945,0.1584092229604721,-0.4158705744365283,-0.16219514662423418,6.660046762112868,6.0265366032838426,,4436.849609375
"Etapa 3 - Final fase reprodutiva, maturacao e colheita",2022-07-08,143,2022-07-08,143,22,777026.7737339335,8292607.975579796,6.5,6.8,22.76,62.41,0.16,3.06,5.27,5.8,1.08,1.78,78.99,9.83,,1.27,6.3,6.6,9.16,63.42,0.16,2.26,4.01,2.56,0.95,1.11,41.38,7.76,,2.26,0.022390373051166534,0.02262265235185623,0.007246434688568115,0.056290072731237595,-0.031877822490495866,0.03904173523187637,0.03927772119641304,0.013086436316370964,0.0348851696940997,-0.2766556298276335,0.029164722189307213,0.026872888207435608,0.01642998494207859,3.313136316071691,16.567680352824745,0.12714193761348724,0.12960398197174072,0.03670480102300644,-0.1923134240359401,-0.403231110338655,0.3611546456813812,0.3717207908630371,0.09728964418172836,-0.4333173738231029,-0.08463372873935038,30235.326171875,30240.021484375,45.029151916503906,-1.148130110362828,3.1450610826255216,0.843100368976593,0.8709093332290649,0.10925208032131195,-3.8198982113061177,16.39687798096273,0.47755634784698486,0.48655736446380615,0.07801825553178787,-1.7409148106173895,5.84257142466226,0.5480402112007141,0.5774775743484497,0.11786386370658875,-1.5827169674253738,2.766281018326749,0.5655139088630676,0.5642658472061157,0.04817374795675278,0.1227449537639784,1.723585531900686,0.2141878753900528,0.23157300055027008,0.08097394555807114,-1.0999562874393414,0.9748963718981241,0.4012817442417145,0.4212799668312073,0.16122356057167053,-0.4701155321271078,-0.06543786204581048,6.632711134006176,5.980372196245016,,4347.5296780556
"Etapa 3 - Final fase reprodutiva, maturacao e colheita",2022-07-08,143,2022-07-08,143,23,776947.7511447676,8292546.694013219,6.2,6.6,14.97,114.24,0.29,3.15,4.25,7.36,1.58,1.42,48.95,7.87,,1.13,6.0,6.4,8.73,89.3,0.23,2.36,2.91,2.94,1.6,1.11,45.23,8.35,,2.36,0.023837300017476082,0.02410568669438362,0.007542707491666079,0.020788210976527555,-0.14091011204550874,0.042005013674497604,0.04221796244382858,0.01391275692731142,0.04773677105930496,-0.2674254615266842,0.03061532787978649,0.028856072574853897,0.015486566349864006,3.3449289390518837,19.82553576505487,0.13647520542144775,0.1389300376176834,0.03897469490766525,-0.19027569325767096,-0.40113991719364783,0.38785219192504883,0.39899736642837524,0.09942593425512314,-0.4642604694025006,-0.014455219925349816,30391.578125,30391.873046875,151.17910766601562,-0.056154175163817724,1.25172114447503,0.8478551506996155,0.8700823187828064,0.09418757259845734,-4.047882053961987,19.43741974562513,0.4795878827571869,0.48560094833374023,0.07042612135410309,-1.4769257662277069,5.4255496838953725,0.5726429224014282,0.5999253988265991,0.11132104694843292,-1.6303224247584134,3.14865924457938,0.565065860748291,0.5636954307556152,0.0474674254655838,0.1920935867600677,1.705780275568329,0.21891628205776215,0.23489870131015778,0.07826607674360275,-1.1420752806941585,1.2322230065886721,0.43265074491500854,0.451436311006546,0.16721200942993164,-0.46637314403585983,-0.04640078979457085,6.558515860086315,5.981894852781342,,5185.1934813676
"Etapa 3 - Final fase reprodutiva, maturacao e colheita",2022-07-08,143,2022-07-08,143,24,776887.5736417036,8292493.957021767,6.6,6.9,21.34,147.56,0.38,2.96,6.38,6.88,1.66,1.11,40.18,9.06,,1.37,6.2,6.6,9.62,108.4,0.28,2.42,3.9,2.81,1.73,1.11,38.2,8.16,,2.42,0.029540831223130226,0.02704429067671299,0.015281210653483868,2.5397814577564257,19.768261918956814,0.051988910883665085,0.04737680405378342,0.026848789304494858,1.6696431880115186,7.294636949289302,0.06497696787118912,0.03457681089639664,0.07361838966608047,1.9837435649828186,2.880696933978725,0.15612153708934784,0.1517919898033142,0.0594109483063221,0.6309096465373529,0.6712846566711272,0.37023547291755676,0.3742336630821228,0.11979211866855621,-0.040060538049117106,-0.5333278331651292,30697.162109375,30646.328125,377.8914794921875,0.49693198128483396,0.32047845830022004,0.7060145735740662,0.8519394397735596,0.29159078001976013,-1.4742843051654757,0.5058368512438918,0.40164715051651,0.46960318088531494,0.1768064796924591,-1.2557878106318556,0.24050868470961628,0.48121771216392517,0.5709013938903809,0.22103217244148254,-0.9783325456306828,-0.43660650839060455,0.5369584560394287,0.5615293979644775,0.12519094347953796,-2.1628664293330493,7.084763188134083,0.1631292849779129,0.19192573428153992,0.11482518166303635,-0.24688563356264057,-1.247064609796872,0.33551278710365295,0.37456002831459045,0.2239130139350891,-0.14911320792896965,-1.093717506187076,7.162119060850146,5.584783179147936,,2780.4417254668
"Etapa 3 - Final fase reprodutiva, maturacao e colheita",2022-07-08,143,2022-07-08,143,25,777360.6051131604,8292993.406001793,6.4,6.7,17.07,66.45,0.17,3.18,4.66,5.73,1.3,1.11,41.48,7.22,,1.25,6.2,6.4,4.09,55.44,0.14,2.15,2.64,1.39,1.16,1.11,38.22,5.83,,2.15,0.02654368057847023,0.026760952547192574,0.009012660011649132,0.19322325209188534,0.3325781407762687,0.04607079178094864,0.04630476236343384,0.01576620154082775,0.09240060985091254,-0.2725318094359408,0.03497876599431038,0.03277674689888954,0.018427737057209015,3.526967183173797,20.816204251381627,0.1518324911594391,0.15510651469230652,0.044157154858112335,-0.18622080652309678,-0.5469753715536534,0.4210308790206909,0.43375933170318604,0.11160483956336975,-0.4206638739789648,-0.2504676825035248,30276.005859375,30265.310546875,92.09400177001953,1.327823109979651,5.576674291441691,0.8408246040344238,0.8645293712615967,0.0977136418223381,-4.026656302614996,19.581482629853138,0.46983280777931213,0.47574326395988464,0.07088818401098251,-1.5707421545108053,6.071084383218922,0.5936586260795593,0.6230480074882507,0.11729118227958679,-1.5832987100932687,2.9501858389936775,0.5580171942710876,0.5561196804046631,0.04595961049199104,0.21165795559140343,1.0528073991424503,0.20609953999519348,0.2217477262020111,0.0776381567120552,-1.013895959627272,0.8388515394863965,0.4657830595970154,0.4863758385181427,0.18424870073795319,-0.42191830608380315,-0.18359750293752342,6.640245763294734,5.989706114485901,,4445.7316466339
"Etapa 3 - Final fase reprodutiva, maturacao e colheita",2022-07-08,143,2022-07-08,143,26,777281.5825239943,8292932.124435221,6.7,6.8,30.7,63.38,0.16,2.98,6.31,7.17,1.05,1.11,46.48,7.42,,1.35,6.4,6.6,10.92,55.3,0.14,2.53,4.54,3.42,1.08,1.11,35.0,6.67,,2.53,0.02802901901304722,0.028472334146499634,0.009047514759004116,0.04220475358788102,0.035862444783007597,0.048668283969163895,0.04919140040874481,0.015963885933160782,0.001299657223139834,-0.3306668783680786,0.03620249405503273,0.03421491011977196,0.018284304067492485,3.265361578087094,18.75420982071239,0.1607108861207962,0.16483816504478455,0.045462898910045624,-0.25477126544606504,-0.5114107383020974,0.45197126269340515,0.4677695333957672,0.11520711332559586,-0.5227352930568191,-0.13449621032772185,30241.62109375,30241.896484375,89.7244644165039,-0.03167640262489236,-0.892972313842733,0.8462015986442566,0.8682274222373962,0.09363535046577454,-4.069513024704517,19.985646747082118,0.475475013256073,0.4810675084590912,0.0701403096318245,-1.444505260003944,5.400699318960523,0.6192470192909241,0.6498720049858093,0.11560234427452087,-1.727518720323971,3.51535036375264,0.5610630512237549,0.5593730807304382,0.04499198496341705,0.19440921298713065,0.5965823337565737,0.2117810696363449,0.2273256927728653,0.07572639733552933,-1.1250062775628515,1.1894062433985866,0.5042279958724976,0.529776394367218,0.18950136005878448,-0.5473716953190615,-0.019348601716727476,6.567158955555386,5.946530344314268,,4620.0574240533
"Etapa 3 - Final fase reprodutiva, maturacao e colheita",2022-07-08,143,2022-07-08,143,27,777202.5599348285,8292870.842868648,6.5,6.7,17.89,65.77,0.17,2.9,5.54,5.76,0.9,1.12,57.42,6.66,,1.6,6.2,6.5,6.37,64.08,0.16,2.09,2.45,1.68,0.88,1.11,39.16,6.12,,2.09,0.02260727249085903,0.022828971967101097,0.0073704347014427185,0.053500261088416136,-0.22573808333902745,0.03946346789598465,0.039691366255283356,0.013365437276661396,0.06882801586243263,-0.279316718473408,0.028085388243198395,0.026972632855176926,0.012901096604764462,2.7638238508527966,16.937964239491095,0.12933321297168732,0.13136114180088043,0.0379042886197567,-0.11472748218997468,-0.45922070794752656,0.37270617485046387,0.38330569863319397,0.09448163956403732,-0.4312366799700501,-0.03794738480433102,30126.77734375,30145.66796875,84.81932830810547,-0.8595427384538088,2.1489447162752446,0.855602502822876,0.872340977191925,0.08142416179180145,-4.375810126011796,23.808022562205323,0.48627564311027527,0.48967739939689636,0.06685049831867218,-1.1800240722121216,4.648184658434561,0.5637569427490234,0.5879390835762024,0.10348246246576309,-1.5649539636814707,3.1245552708708386,0.5676330327987671,0.565818727016449,0.04840121045708656,0.18385817364855433,1.0680116045209127,0.22069312632083893,0.23355954885482788,0.07663987576961517,-1.0099860429218166,1.2309537738442593,0.4186449348926544,0.43194594979286194,0.1558837741613388,-0.3724556149798251,0.007501765344133382,6.496974506439067,6.041924652594785,,4488.874597297
"Etapa 3 - Final fase reprodutiva, maturacao e colheita",2022-07-08,143,2022-07-08,143,28,777123.5373456624,8292809.561302076,6.3,6.5,14.21,57.13,0.15,2.78,3.99,5.01,0.9,1.15,54.22,5.97,,0.98,6.1,6.4,8.13,51.62,0.13,2.04,2.98,1.86,0.88,1.11,43.66,6.35,,2.04,0.02160358615219593,0.021754538640379906,0.006981951650232077,0.07367006102415853,-0.16650208996809868,0.03796543926000595,0.03809896856546402,0.0127208661288023,0.0835767117182815,-0.2332784870800384,0.02646450884640217,0.02549363113939762,0.011719515547156334,2.4289992388096304,14.707160168098117,0.12424252182245255,0.1260237991809845,0.03592265769839287,-0.09531519834675886,-0.3879552672797044,0.35822081565856934,0.36632680892944336,0.09171492606401443,-0.3572996637031919,-0.026367117732629897,30079.640625,30087.310546875,85.33493041992188,-0.6683905235523305,0.8408463878407884,0.8581512570381165,0.8740969896316528,0.07816769927740097,-4.324223002331572,23.83166600051807,0.4856949746608734,0.48969000577926636,0.06706957519054413,-1.1197813949014135,4.173386556551928,0.5525385737419128,0.5742179155349731,0.10183285176753998,-1.4738917887528769,2.8702654052499286,0.5649847984313965,0.5640299320220947,0.04969269037246704,0.05398808701706377,1.4197979231379287,0.2268921136856079,0.24013909697532654,0.07439551502466202,-1.181461332304002,1.7268660620866818,0.4112679660320282,0.42367231845855713,0.15004079043865204,-0.3734041644843547,0.07145483979010869,6.510638220887951,5.969862028383019,,3922.6509748909
"Etapa 3 - Final fase reprodutiva, maturacao e colheita",2022-07-08,143,2022-07-08,143,29,777044.5147564965,8292748.2797355065,6.4,6.6,25.51,45.64,0.12,2.74,5.65,5.51,0.93,1.11,50.05,7.19,,1.26,5.7,6.3,16.07,46.15,0.12,2.46,3.89,4.53,1.07,1.22,47.53,6.82,,2.46,0.022185878828167915,0.022563738748431206,0.007201977539807558,-0.03867202473880172,-0.23354180910248612,0.038881633430719376,0.039288491010665894,0.013338861986994743,0.007703152025941576,-0.34367544369490943,0.027615932747721672,0.026727940887212753,0.012074052356183529,2.0087144412349422,9.95961655999502,0.12697811424732208,0.12970249354839325,0.037825386971235275,-0.18975126706162276,-0.5175643413888578,0.3673560321331024,0.37904787063598633,0.09579771012067795,-0.4714212335950506,-0.11254815873739243,30138.087890625,30134.146484375,58.175025939941406,0.25665629729695355,0.2925839244790689,0.8551704287528992,0.8728535175323486,0.07935169339179993,-3.8322163869709587,18.39893637101119,0.4875061511993408,0.49133431911468506,0.068650022149086,-0.920138144219949,2.9978027947371615,0.5586746335029602,0.584618091583252,0.10613535344600677,-1.4472713129942156,2.390985775805846,0.5689995884895325,0.5675325393676758,0.04968215152621269,0.10951634087534805,0.9198418593412008,0.22003872692584991,0.2342408150434494,0.07915449887514114,-0.9886358534366336,1.0385054202364232,0.4094124436378479,0.42515790462493896,0.15555758774280548,-0.3899067400224197,-0.11744254863295556,6.538295170632305,6.074464003983873,,3794.2615346367
"Etapa 3 - Final fase reprodutiva, maturacao e colheita",2022-07-08,143,2022-07-08,143,30,776965.4921673307,8292686.998168936,6.4,6.8,26.59,107.68,0.28,2.78,5.64,6.24,1.3,1.11,34.62,7.1,,1.47,6.0,6.5,8.18,82.81,0.21,2.06,3.22,2.37,0.92,1.11,40.03,6.44,,2.06,0.022220326587557793,0.02246374450623989,0.007286699954420328,0.010985804117870803,-0.338924674663061,0.03910835087299347,0.03923162445425987,0.013611683622002602,0.0917369987084358,-0.29852874590779344,0.027031322941184044,0.02642783150076866,0.010978693142533302,1.5426175922010035,7.4304842368722515,0.1272694170475006,0.12926630675792694,0.03753483295440674,-0.13173723726456574,-0.47433904708825914,0.3742178976535797,0.3841165602207184,0.09707751125097275,-0.4126942921228875,-0.09752644970439661,30237.99609375,30245.5546875,41.408443450927734,-1.6433750827018352,5.277524539173395,0.8610671758651733,0.8747909069061279,0.07007145881652832,-3.975318290386835,20.623023423108936,0.49368616938591003,0.4957597553730011,0.06293501704931259,-0.7741135930842047,2.766677626011001,0.5671368837356567,0.590601921081543,0.10327421128749847,-1.412208596625739,2.415569229720643,0.572516918182373,0.5706420540809631,0.04664471372961998,0.18331646209566013,0.5008941593483613,0.22588104009628296,0.23892942070960999,0.07629185169935226,-1.0267642314395335,1.4358658129030326,0.4187731444835663,0.43277719616889954,0.15406323969364166,-0.3694472991223391,-0.02819124014428409,6.526897283903761,6.0452735310093315,,4103.2475585938
"Etapa 3 - Final fase reprodutiva, maturacao e colheita",2022-07-08,143,2022-07-08,143,31,776886.9527774737,8292625.667984069,6.6,6.7,23.56,56.0,0.14,2.78,5.64,7.87,0.85,1.11,38.42,7.27,,1.62,6.0,6.5,6.7,63.85,0.16,2.13,3.22,2.11,1.01,1.11,42.38,6.46,,2.13,0.024094223976135254,0.02401791699230671,0.008761045522987843,1.843813355155419,17.49951064002472,0.04237271472811699,0.04217027500271797,0.015253331512212753,0.642701322637078,2.981505349078615,0.03290773928165436,0.029563894495368004,0.022957077249884605,5.181130019336702,37.62368903038357,0.13836127519607544,0.1400243490934372,0.04066656529903412,-0.02020930036177775,-0.17389305656060428,0.3827712833881378,0.39349430799484253,0.10220520198345184,-0.3597087698417705,-0.24116924520037353,30425.5703125,30417.107421875,180.39654541015625,1.1022513206929085,5.154769953527655,0.8365172743797302,0.8658522367477417,0.11876604706048965,-4.20954642795836,20.264772601328172,0.46828633546829224,0.4781503677368164,0.08195988833904266,-2.2855669486184103,9.272601298217674,0.5621148347854614,0.5929426550865173,0.12199831753969193,-1.7003186048938956,3.538144947562259,0.5565745830535889,0.5578998327255249,0.05712965130805969,-2.1421443537353535,19.184185071889754,0.20998717844486237,0.2241833657026291,0.08827286213636398,-0.702115688659647,0.32222356918066586,0.4232791066169739,0.4420246481895447,0.17158710956573486,-0.41998426399819283,-0.12835957936699938,6.671046604553856,6.189462207271119,,4251.684517016
"Etapa 3 - Final fase reprodutiva, maturacao e colheita",2022-07-08,143,2022-07-08,143,32,776849.232607201,8292569.739367467,6.6,6.8,28.91,157.22,0.4,2.83,5.41,7.6,2.74,1.11,43.34,9.1,,1.97,6.0,6.6,5.08,103.72,0.27,2.23,3.05,1.77,1.47,1.11,38.28,7.11,,2.23,0.03686068207025528,0.0324154794216156,0.018639137968420982,0.5299955794214071,-0.6770153579704066,0.06352148950099945,0.05490540340542793,0.03377307206392288,0.5331305146914326,-0.7701465496085182,0.10842888057231903,0.04516918957233429,0.10149842500686646,0.74498578141195,-1.1305740286528256,0.17818714678287506,0.1668110191822052,0.07610777765512466,0.2655288792681809,-0.928150239654419,0.3367524743080139,0.30769360065460205,0.11722591519355774,0.3348759718316639,-0.42865121264547934,30798.037109375,30740.201171875,375.150146484375,0.2513189954712704,-0.7153320918834001,0.5397796034812927,0.7771503925323486,0.37091517448425293,-0.4134236943112662,-1.6697589100764174,0.30880096554756165,0.4254724383354187,0.22977657616138458,-0.31372148526594396,-1.644657372780863,0.3621131181716919,0.43350744247436523,0.26502618193626404,-0.1424968736661136,-1.6680468517663003,0.4420838952064514,0.551395058631897,0.22151000797748566,-1.025811429042626,-0.4353712909705698,0.10822884738445282,0.0735359936952591,0.11385165899991989,0.391428206261013,-1.408312685662029,0.21722592413425446,0.17839261889457703,0.21225903928279877,0.40003215940285947,-1.285345062095937,7.116654644627304,4.405169683917222,,3495.685546875
"Etapa 3 - Final fase reprodutiva, maturacao e colheita",2022-07-08,143,2022-07-08,143,33,777299.3235465575,8293072.428590936,6.6,6.7,21.39,80.9,0.21,3.0,5.6,6.23,1.24,1.11,39.55,6.97,,1.51,6.1,6.5,4.81,63.42,0.16,2.0,2.93,1.44,0.9,1.11,55.32,6.35,,2.0,0.0253363698720932,0.025656700134277344,0.00846907589584589,0.06967838123647738,-0.040959182046255815,0.044240836054086685,0.044625237584114075,0.015171867795288563,0.04064820893930088,-0.3176289488586237,0.03219285234808922,0.03114868700504303,0.0140942158177495,2.421774269056718,14.911397602234484,0.14714467525482178,0.15041184425354004,0.04319203644990921,-0.1875015825203818,-0.5253166777457001,0.4120677411556244,0.4233247637748718,0.10763700306415558,-0.39292212974455365,-0.24753990781537594,30263.92578125,30255.732421875,84.58490753173828,1.8892835810017305,7.983845194927824,0.8508961200714111,0.8672239780426025,0.07644981145858765,-4.106437596144156,22.88135853644189,0.47498077154159546,0.47790271043777466,0.06518617272377014,-0.8840523831310987,3.51007517725023,0.5919384360313416,0.6163834929466248,0.10747336596250534,-1.4037179201480812,2.4671727296928854,0.5572059154510498,0.5554535388946533,0.04685550555586815,0.1793015761837521,0.4611590098783571,0.21364420652389526,0.22707243263721466,0.0765795037150383,-0.9470738452244928,0.9141485463810328,0.46708276867866516,0.48399171233177185,0.17258556187152863,-0.39267466490041175,-0.10989176421385549,6.589071103366568,6.0589158386465245,,4820.9849692133
"Etapa 3 - Final fase reprodutiva, maturacao e colheita",2022-07-08,143,2022-07-08,143,34,777220.3009573915,8293011.147024364,6.3,6.5,17.59,99.84,0.26,2.46,3.76,5.32,1.52,1.11,47.34,6.76,,0.93,5.6,6.3,10.26,87.1,0.22,2.23,2.08,2.99,1.08,1.41,47.77,6.56,,2.23,0.02730235643684864,0.02773897908627987,0.008620195090770721,-0.01597019140275379,-0.2631817269338321,0.04747029393911362,0.047996312379837036,0.015380678698420525,-0.0022297073082159172,-0.3406427162468457,0.034220609813928604,0.03330321982502937,0.014446625486016273,2.57898541450686,17.012267940896567,0.15876419842243195,0.1624355912208557,0.04389259219169617,-0.22897232057079878,-0.5163461481756415,0.4495714008808136,0.46355122327804565,0.10902624577283859,-0.49957214740191436,-0.11464331950752404,30214.4140625,30223.705078125,71.56818389892578,-0.3376519635000282,-0.7798826573535349,0.8547794818878174,0.869731605052948,0.07431550323963165,-4.497160488317509,27.01549739495563,0.4793422222137451,0.48231109976768494,0.06158321350812912,-1.0616725999195453,4.45176622772385,0.6227123141288757,0.6480735540390015,0.10320896655321121,-1.6731160527143982,3.6942007143703623,0.5600827932357788,0.558643102645874,0.04377584904432297,0.17237209053907543,0.3842251076972749,0.2159169614315033,0.2295144945383072,0.07162937521934509,-1.1329432442015899,1.429082491604011,0.511604368686676,0.5326312184333801,0.17765256762504578,-0.5270159933679729,0.10172237776710835,6.4629416014395,5.942322044918922,,5177.2411955468
"Etapa 3 - Final fase reprodutiva, maturacao e colheita",2022-07-08,143,2022-07-08,143,35,777141.2783682253,8292949.86545779,6.5,6.7,30.89,79.68,0.2,3.23,5.78,7.74,1.43,1.11,42.37,7.72,,1.45,5.9,6.3,8.05,67.0,0.17,2.58,3.19,3.18,1.12,1.11,40.8,6.23,,2.58,0.021997995674610138,0.022172510623931885,0.007206595502793789,0.0689050731057435,-0.2613983071782311,0.03850128501653671,0.03862915560603142,0.01298148650676012,0.09129905946863,-0.30423442641640364,0.02772996388375759,0.02667010761797428,0.012561900541186333,2.6700930172434383,15.890226797053423,0.12770292162895203,0.12937532365322113,0.037768371403217316,-0.08173648664633829,-0.4937525416587194,0.36290037631988525,0.37205955386161804,0.09207585453987122,-0.3861492912719916,-0.16653214698125485,30118.28125,30141.611328125,84.84718322753906,-1.1535384778026307,1.456197580584913,0.8540947437286377,0.8701200485229492,0.08007705211639404,-4.472727635360074,25.20093921699857,0.4813344180583954,0.48446324467658997,0.06719803810119629,-1.0665960747349525,4.190063079226683,0.5546668171882629,0.5771599411964417,0.10159146785736084,-1.4814575641443841,2.8715976010930246,0.5627922415733337,0.5611237287521362,0.04960063844919205,0.16238989251388047,0.6544832809629337,0.21857288479804993,0.23055563867092133,0.07543901354074478,-0.9818042667797022,1.2063302511929326,0.41099774837493896,0.4213147461414337,0.15288396179676056,-0.30859979446768926,0.01837439569984234,6.499662217153882,6.037620425846933,,4944.612328669
"Etapa 3 - Final fase reprodutiva, maturacao e colheita",2022-07-08,143,2022-07-08,143,36,777062.2557790597,8292888.58389122,6.5,6.7,23.51,56.47,0.14,2.91,5.23,7.36,1.13,1.11,39.09,6.89,,1.46,6.1,6.5,6.68,42.79,0.11,2.13,3.21,2.68,1.26,1.11,44.81,7.13,,2.13,0.02182375267148018,0.021970491856336594,0.007104650139808655,0.11468128449342202,-0.007069095659542057,0.03824515640735626,0.03838032856583595,0.012898671440780163,0.09191269222887476,-0.23367998024764258,0.027568554505705833,0.026341725140810013,0.012513430789113045,2.6141665783484194,15.352663091327035,0.1256287693977356,0.12742309272289276,0.036228109151124954,-0.11020848764075987,-0.42700758941305406,0.3578060269355774,0.36603400111198425,0.0934029147028923,-0.33316976792529784,-0.12801314274916287,30094.1328125,30104.265625,80.83148193359375,-0.7612985418216056,1.1032941909972305,0.8521953225135803,0.8704065084457397,0.08144225925207138,-4.0628363157772505,20.6488493946633,0.480356365442276,0.48586827516555786,0.06823540478944778,-1.1129879873224227,3.6343006070870647,0.5491612553596497,0.5719031691551208,0.10445733368396759,-1.3765561606174328,2.3657376178658893,0.5626577734947205,0.5623833537101746,0.04912201315164566,-0.012064541436259143,1.0538969230412425,0.2179311066865921,0.2308487445116043,0.07823052257299423,-0.9288566117175301,1.0109608440476299,0.400592565536499,0.4150906801223755,0.14680901169776917,-0.4313419580207791,-0.0019832900903753448,6.561711186127127,6.082122228463556,,4188.2109375
"Etapa 3 - Final fase reprodutiva, maturacao e colheita",2022-07-08,143,2022-07-08,143,37,776983.2331898934,8292827.302324644,6.6,6.7,10.04,56.45,0.14,2.34,3.93,4.71,0.98,1.11,34.76,5.06,,1.22,6.1,6.4,3.81,66.89,0.17,1.9,2.15,1.94,1.26,1.11,58.55,6.66,,1.9,0.02298007905483246,0.023333879187703133,0.007144341245293617,-0.02501628657852184,-0.10357385508289685,0.04068946838378906,0.04110462963581085,0.01329711452126503,0.001345530018717195,-0.24204051801677728,0.028190363198518753,0.027439938858151436,0.011745285242795944,2.2227668210200866,12.975583693649822,0.13178274035453796,0.1345076560974121,0.03725849837064743,-0.21170233695211424,-0.42685101379744994,0.3836798369884491,0.3952868580818176,0.09211458265781403,-0.5565217765980349,0.1360937839224916,30141.501953125,30133.970703125,57.34819030761719,0.4545355031991632,0.07128302455187896,0.8594043850898743,0.8734340667724609,0.07282378524541855,-4.383677864526545,24.426460701609958,0.49069318175315857,0.4931008815765381,0.0625985786318779,-0.9174497150580755,3.5784885603089407,0.5754008889198303,0.5985944867134094,0.09830956161022186,-1.676416598733449,3.6779543217703887,0.5703731775283813,0.5685539841651917,0.046470168977975845,0.24214149955908648,0.9715626806067093,0.22885432839393616,0.241202712059021,0.07431873679161072,-1.117650238116254,1.703480095697583,0.4291658401489258,0.44510990381240845,0.14974893629550934,-0.5065906487331233,0.177765132655753,6.397274678144281,5.998849862386426,,3071.9966635374
"Etapa 3 - Final fase reprodutiva, maturacao e colheita",2022-07-08,143,2022-07-08,143,38,776904.2106007277,8292766.020758077,6.4,6.5,14.08,82.14,0.21,3.0,4.62,6.0,1.07,1.11,52.05,6.59,,1.19,6.0,6.4,2.06,49.18,0.13,1.96,1.63,1.52,0.88,1.11,41.26,5.82,,1.96,0.02292093075811863,0.023132774978876114,0.007515602745115757,0.059717791467789286,-0.19794812406080853,0.04052095487713814,0.040665481239557266,0.013663101010024548,0.08701294674875097,-0.2387106688556293,0.02862570807337761,0.02783886529505253,0.011566579341888428,1.6285122035593396,7.4563274987493475,0.1318756341934204,0.13385748863220215,0.03819572553038597,-0.12565771770900436,-0.4240113499944891,0.37988758087158203,0.39009565114974976,0.09589347243309021,-0.44198951602225667,-0.022583963891313452,30251.15234375,30256.798828125,43.963951110839844,-1.248607147782401,5.986841263175567,0.8556579947471619,0.8704169988632202,0.07206209748983383,-4.010249204575721,20.9021400497403,0.4861120283603668,0.48899129033088684,0.06187360733747482,-0.8226548114031877,2.908163916750115,0.5697246193885803,0.5929484963417053,0.10160286724567413,-1.489004821795495,2.816689002863712,0.5675431489944458,0.5662291049957275,0.046661801636219025,0.20742635841440388,1.020260535340114,0.22279611229896545,0.23583053052425385,0.07592906802892685,-1.0300692404204719,1.273929652420711,0.42207521200180054,0.4369259178638458,0.1549423187971115,-0.38722940333937983,0.002725909895649803,6.490381976735267,6.042675316516499,,4652.0742239715
"Etapa 3 - Final fase reprodutiva, maturacao e colheita",2022-07-08,143,2022-07-08,143,39,776845.1169703807,8292707.665482833,6.8,6.9,14.55,80.06,0.2,2.63,5.9,3.13,1.15,1.11,36.41,7.06,,0.61,6.2,6.6,3.63,57.36,0.15,2.02,2.95,0.95,1.15,1.11,28.38,5.58,,2.02,0.030222853645682335,0.026480035856366158,0.01901448331773281,3.803885496623838,28.48203194723293,0.05246469005942345,0.04605142027139664,0.03152605891227722,3.01540735780935,19.022150759091826,0.06455773860216141,0.03475700318813324,0.07861363887786865,2.306497300426432,4.593822127855915,0.16089755296707153,0.15385723114013672,0.064054474234581,1.1117844190390374,2.4880778342135583,0.37545523047447205,0.3806123733520508,0.11066513508558273,-0.1115624862428757,-0.5750337709747733,30500.978515625,30423.94140625,249.56626892089844,1.8653778486568378,3.9625145105933255,0.7208729982376099,0.8486456871032715,0.2825767695903778,-1.7250711288422738,1.3013165305884096,0.40126553177833557,0.458732008934021,0.1697646975517273,-1.4774683389420797,0.9498253639236682,0.4919678270816803,0.5730527639389038,0.2122703194618225,-1.1928079894104153,0.12428654766260916,0.5073896050453186,0.5488667488098145,0.162866473197937,-2.01440507103404,3.836249950338983,0.16196516156196594,0.18789035081863403,0.107645682990551,-0.31876432607213,-1.1718516194505226,0.35725003480911255,0.3862869143486023,0.22640258073806763,-0.13608151342404615,-0.914480867895199,7.013582678288979,5.685314742610928,,2173.8864602176
"Etapa 3 - Final fase reprodutiva, maturacao e colheita",2022-07-08,143,2022-07-08,143,40,777238.0419799545,8293151.451180076,6.5,6.7,22.73,71.72,0.18,2.68,5.52,5.24,1.15,1.11,36.19,6.0,,1.39,6.0,6.5,4.56,40.36,0.1,1.94,1.97,1.86,1.1,1.11,34.62,5.79,,1.94,0.024209143593907356,0.024445801973342896,0.008251328021287918,0.11218653193302582,-0.04010195174803499,0.0424245223402977,0.04262349754571915,0.014868469908833504,0.09457150123347718,-0.31298933691348996,0.030690841376781464,0.029829664155840874,0.0133039066568017,2.3050511313151514,15.031072138619177,0.14058305323123932,0.14322277903556824,0.041851747781038284,-0.15302761644588833,-0.5685118698423945,0.39551809430122375,0.4051653742790222,0.10287763923406601,-0.36364262133710773,-0.2329649572345236,30251.763671875,30247.294921875,66.86564636230469,1.5153847621598033,8.177431571710958,0.8526444435119629,0.8670439124107361,0.07262693345546722,-4.278068398618073,26.069916519122984,0.47727513313293457,0.4799310266971588,0.06681933999061584,-0.8012242749674083,3.1073947819301875,0.579875648021698,0.6021437048912048,0.10382065176963806,-1.3701021961180055,2.505639936113554,0.5583879351615906,0.5571428537368774,0.04891960695385933,0.07846465779701768,0.22177797762104268,0.21531939506530762,0.227732852101326,0.07502948492765427,-0.9201644756155534,0.9436376643594628,0.4432665705680847,0.4565604627132416,0.15668030083179474,-0.39566134376312634,-0.030866060672963602,6.561723248711756,6.069048825433075,,4620.4645593039
"Etapa 3 - Final fase reprodutiva, maturacao e colheita",2022-07-08,143,2022-07-08,143,41,777159.0193907886,8293090.169613506,6.5,6.6,22.32,96.79,0.25,2.51,4.06,5.38,1.26,1.46,48.26,6.82,,1.15,6.0,6.5,5.25,65.72,0.17,1.91,1.6,1.23,1.13,1.11,45.02,5.9,,1.91,0.025664759799838066,0.025966983288526535,0.008405286818742752,0.06408241457427015,-0.12764964553067504,0.04498292878270149,0.045311033725738525,0.015104111284017563,0.05406545236132403,-0.3387706509423114,0.032426394522190094,0.03145074099302292,0.01404885295778513,2.6693123953899964,17.850137887693165,0.1490446776151657,0.15168830752372742,0.04220854490995407,-0.1438979777725101,-0.49366146659135035,0.42427685856819153,0.43614816665649414,0.10445016622543335,-0.4290846328473149,-0.19012764139031768,30207.1953125,30214.75,63.901214599609375,-0.41214854712065185,-0.584601963361981,0.8548017144203186,0.8691868782043457,0.07394494861364365,-4.597651934316821,28.150703888546005,0.4817432463169098,0.4846934974193573,0.061525050550699234,-1.1116608501094345,4.732210884138605,0.6040410995483398,0.6277612447738647,0.1016189381480217,-1.582535983665471,3.374091741882226,0.5628381967544556,0.5616193413734436,0.04315967485308647,0.14972710836558395,0.3836304912157109,0.2170497328042984,0.22916525602340698,0.07187173515558243,-1.054412761280085,1.3975309320683067,0.47354206442832947,0.49027299880981445,0.16239507496356964,-0.4934253560422541,0.1703147984345157,6.474102554868042,5.97868718311639,,5194.7912303355
"Etapa 3 - Final fase reprodutiva, maturacao e colheita",2022-07-08,143,2022-07-08,143,42,777079.9968016226,8293028.888046935,6.6,6.7,15.84,61.31,0.16,2.7,4.33,5.5,1.05,1.11,42.42,6.35,,1.0,6.0,6.4,5.12,57.13,0.15,2.06,2.4,2.65,1.1,1.11,45.37,5.99,,2.06,0.023165522143244743,0.023472145199775696,0.007481497246772051,0.017947666926940484,-0.2538253775551538,0.04071112349629402,0.041001513600349426,0.013640934601426125,0.049859256753493474,-0.32132497719812614,0.029196081683039665,0.028405850753188133,0.012347050942480564,2.4538766612195784,15.662884835255806,0.13355045020580292,0.13602647185325623,0.038113322108983994,-0.16549805617298438,-0.5102006819980209,0.38114288449287415,0.3919772207736969,0.09411868453025818,-0.4386378210607554,-0.14898847289634443,30113.82421875,30138.1875,83.1539306640625,-1.173648137961279,1.4932002352611606,0.8542379140853882,0.8687469959259033,0.07351678609848022,-4.469725742775584,26.378842931423154,0.48281699419021606,0.4856179356575012,0.06328953802585602,-0.9725426759488794,3.948459665255447,0.5702318549156189,0.5931817293167114,0.09924277663230896,-1.5033558623572798,2.9412872983018765,0.5644856095314026,0.5632354021072388,0.0472874753177166,0.13415616865656166,0.5650421125573688,0.21836695075035095,0.2308410406112671,0.07543473690748215,-0.9569752027154839,1.1362190176562166,0.42214033007621765,0.43640148639678955,0.14937587082386017,-0.4402173685854575,0.05318512840595213,6.455603851863079,6.053192439699096,,4303.8710598449
"Etapa 3 - Final fase reprodutiva, maturacao e colheita",2022-07-08,143,2022-07-08,143,43,777000.9742124564,8292967.606480363,6.4,6.5,26.49,56.31,0.14,2.38,3.95,5.84,0.84,1.25,44.22,5.97,,1.01,6.0,6.5,8.11,52.59,0.13,2.26,2.14,1.99,0.85,1.11,40.56,6.06,,2.26,0.022403359413146973,0.022581780329346657,0.00726378383114934,0.08235461405744265,-0.16373180973732238,0.03942793235182762,0.039550527930259705,0.0131650660187006,0.08231890138408973,-0.3148209649686673,0.028984341770410538,0.027565283700823784,0.014210131950676441,3.3351198709379832,19.681808513685,0.12912696599960327,0.13144902884960175,0.03644721210002899,-0.1605257285593216,-0.502285704882254,0.3635713756084442,0.3729976713657379,0.09294500201940536,-0.38366281803282554,-0.2309058083663973,30104.09375,30111.490234375,77.7902603149414,-0.557612269210964,1.0356435111843574,0.8475279211997986,0.8667362928390503,0.09235679358243942,-4.91006512369977,29.889373100288473,0.4758332669734955,0.48129594326019287,0.0712786540389061,-1.8755970521386645,8.807381252751002,0.5523026585578918,0.5762885212898254,0.10603414475917816,-1.6131403727090659,3.635876064483371,0.559606671333313,0.5595176219940186,0.05148265138268471,-0.9554590492722623,8.985235291362939,0.21577881276607513,0.229018434882164,0.07734290510416031,-0.9495050840636912,0.9951404264924255,0.40334805846214294,0.41751307249069214,0.15012626349925995,-0.3983138586909579,-0.0045897225475917125,6.536580338588144,6.060924653386837,,4404.6509598424
"Etapa 3 - Final fase reprodutiva, maturacao e colheita",2022-07-08,143,2022-07-08,143,44,776921.9516232907,8292906.324913788,6.5,6.7,21.81,83.76,0.21,2.7,5.87,5.69,1.55,1.11,41.05,7.38,,1.12,6.1,6.4,3.87,63.55,0.16,2.04,2.4,1.78,1.24,1.11,42.06,6.56,,2.04,0.024214396253228188,0.024391211569309235,0.0078061348758637905,0.1276684027170777,0.07637866288817863,0.042588550597429276,0.04267149418592453,0.01411121804267168,0.12043311126493954,-0.2085086682885633,0.03142029419541359,0.03035314381122589,0.013060111552476883,2.117746332197435,11.42778369375502,0.14067018032073975,0.14273646473884583,0.03978712111711502,-0.11526362193070865,-0.4622274247887739,0.3914106786251068,0.4010770320892334,0.09607776254415512,-0.39845760189318385,-0.15538991069211905,30172.189453125,30164.140625,57.513824462890625,0.3311559546565379,-0.4957933012007887,0.8478206992149353,0.8635088801383972,0.07377088069915771,-4.020453431858763,21.375994493101555,0.47289416193962097,0.47606533765792847,0.062841035425663,-0.8108241820338858,2.8315356512493617,0.5754560828208923,0.5972918272018433,0.09915167093276978,-1.444570276533866,2.773165876017801,0.557017982006073,0.5560591816902161,0.04661977291107178,0.1302505921431074,0.5565821671178717,0.21146203577518463,0.22433200478553772,0.07489781826734543,-0.9378782154956643,0.9097177119274575,0.432402640581131,0.4454014003276825,0.15589995682239532,-0.3572607659697264,-0.025332875139340683,6.475862265208258,6.043367313535892,,4959.5988420874
"Etapa 3 - Final fase reprodutiva, maturacao e colheita",2022-07-08,143,2022-07-08,143,45,776855.9964438214,8292843.349014252,6.0,6.4,32.1,110.65,0.28,2.9,4.75,7.04,1.9,1.25,46.63,6.88,,1.31,5.8,6.3,5.68,79.52,0.2,2.28,1.75,1.63,1.62,1.11,46.65,6.35,,2.28,0.028097301721572876,0.026366358622908592,0.012173010036349297,1.1113590765693082,1.6940951636332464,0.0486498698592186,0.04552847892045975,0.02090783417224884,1.029027671278782,1.2235901082879295,0.05482396110892296,0.03429694473743439,0.061350394040346146,2.486804223974964,4.974692033832449,0.15479324758052826,0.15217576920986176,0.051249805837869644,0.4577186684058353,0.220948094777349,0.3740263879299164,0.3842847943305969,0.10771423578262329,-0.20049595553219923,-0.5560604236843303,30292.8359375,30282.734375,68.56851959228516,1.8539739017250898,6.459812024919952,0.7459423542022705,0.8492884039878845,0.2570129334926605,-2.1132031116686396,2.877201653062645,0.41038307547569275,0.4577508568763733,0.153937429189682,-1.7715312446577571,2.114901527403176,0.5077721476554871,0.5770491361618042,0.19523249566555023,-1.4817550587896438,1.0809077399801064,0.5068462491035461,0.5451958775520325,0.15104781091213226,-2.444339868431314,5.424403721362685,0.1708511859178543,0.19693729281425476,0.0992669090628624,-0.5403048076934442,-0.8544302164193787,0.3689466416835785,0.40311044454574585,0.20183078944683075,-0.40948647984218683,-0.6692136587078283,6.863402726925666,5.786549368788299,,3332.4372396649
"Etapa 3 - Final fase reprodutiva, maturacao e colheita",2022-07-08,143,2022-07-08,143,46,777176.7604133518,8293230.473769219,6.6,6.8,22.58,122.7,0.31,2.45,5.49,7.84,2.01,1.13,38.74,8.29,,1.43,6.1,6.6,4.99,93.04,0.24,2.29,2.48,1.43,1.12,1.11,38.25,7.47,,2.29,0.024208281189203262,0.024290267378091812,0.008522587828338146,0.4568149622757017,1.551912703231757,0.04242543876171112,0.0425092950463295,0.0147215835750103,0.17272954154160777,-0.08682336410570812,0.03386623039841652,0.03235205262899399,0.015110286884009838,2.3608011291239483,12.89875745525137,0.14146527647972107,0.14425505697727203,0.04152541235089302,-0.15697518743750427,-0.5620937034833364,0.375820130109787,0.38495635986328125,0.098717600107193,-0.3189762752483569,-0.32395131546586864,30263.240234375,30258.15234375,54.59413528442383,0.7024541057942572,2.2461540836908123,0.8308073878288269,0.8498716354370117,0.08097325265407562,-3.641105515180894,19.024509761805778,0.45431357622146606,0.458082377910614,0.06716461479663849,-0.8071354017508341,2.7901189174678525,0.5532705783843994,0.5751217007637024,0.10475175827741623,-1.207036246151769,1.829734696244496,0.5456694960594177,0.5447858572006226,0.04870028421282768,0.07412476964161613,0.4667041990505947,0.1908215433359146,0.20340897142887115,0.07728573679924011,-0.6752322169331616,0.12938427166004463,0.39910659193992615,0.4117071032524109,0.15294480323791504,-0.29434570010140243,-0.31813147775002015,6.609422350774978,6.118418469676329,,5333.3664115783
"Etapa 3 - Final fase reprodutiva, maturacao e colheita",2022-07-08,143,2022-07-08,143,47,777097.7378241856,8293169.192202646,6.3,6.6,16.46,72.0,0.18,2.64,4.65,5.12,1.39,1.11,49.2,6.94,,1.21,6.0,6.4,3.06,70.71,0.18,1.81,2.03,1.07,1.07,1.11,56.21,6.14,,1.81,0.024207819253206253,0.024243663996458054,0.008231563493609428,0.33808245574276463,0.8492316088958676,0.042436327785253525,0.042425207793712616,0.014408470131456852,0.17447912847357652,-0.15800779020681022,0.03288542106747627,0.03159843385219574,0.014108160510659218,2.358771090452532,13.874169571285329,0.14085805416107178,0.14277905225753784,0.03985736519098282,-0.09274843520759592,-0.5244107967693665,0.38433095812797546,0.39249515533447266,0.09750615805387497,-0.284597269623469,-0.34063585986515355,30213.150390625,30214.076171875,55.15131378173828,-0.07529935185920392,-0.6237175919089712,0.8388872742652893,0.855833888053894,0.07574013620615005,-3.798761737897509,20.330747325531988,0.46463748812675476,0.4685717225074768,0.06201644241809845,-0.9236855432633067,3.2404395401911135,0.5647362470626831,0.5858170986175537,0.10076587647199631,-1.237191738573526,1.953362175142094,0.5529883503913879,0.55220627784729,0.04362233728170395,0.1075855720113188,0.39168021446921,0.19812940061092377,0.2112889140844345,0.07482468336820602,-0.8233730984036194,0.4982640319079774,0.4091520607471466,0.42166224122047424,0.14954040944576263,-0.32219408474026434,-0.1502662453077166,6.547490972713641,6.055726999959163,,4446.0533283808
"Etapa 3 - Final fase reprodutiva, maturacao e colheita",2022-07-08,143,2022-07-08,143,48,777018.7152350196,8293107.910636076,6.4,6.6,23.3,53.84,0.14,2.46,3.94,6.17,0.96,1.11,37.92,5.77,,1.01,6.3,6.6,5.11,42.2,0.11,1.96,2.79,2.5,0.82,1.11,36.4,6.28,,1.96,0.024179451167583466,0.024338405579328537,0.00784731563180685,0.19314746991727783,0.411528626445266,0.042699337005615234,0.04278342425823212,0.013982758857309818,0.12256377340768033,-0.17428403060304598,0.032058533281087875,0.03085091896355152,0.013786316849291325,2.640702501261857,16.477504593548073,0.1396728754043579,0.14166462421417236,0.03873077780008316,-0.11385217867092225,-0.46463155618415275,0.3858530819416046,0.39500465989112854,0.09441611170768738,-0.3604016684839068,-0.2486588113084438,30127.6796875,30146.7265625,94.48982238769531,-0.7040596559050645,0.9338852037763417,0.8434851169586182,0.8593485951423645,0.07447320222854614,-4.111502378989966,23.061617357003158,0.4697171151638031,0.4731580913066864,0.061706140637397766,-0.9602710443214676,3.6429921101945375,0.5687564611434937,0.5899978876113892,0.0980990082025528,-1.3621975692873278,2.4226012987614336,0.5560948252677917,0.5551002621650696,0.04426772892475128,0.133919370437655,0.5439529808354306,0.20857647061347961,0.2210787683725357,0.0724201649427414,-0.9481630844003451,0.9664069672012463,0.41497305035591125,0.42688146233558655,0.14829021692276,-0.33758624481837146,-0.052762155849518155,6.478788776994647,6.011924000058872,,4152.7269670345
"Etapa 3 - Final fase reprodutiva, maturacao e colheita",2022-07-08,143,2022-07-08,143,49,776940.3389066029,8293046.526751273,6.4,6.6,25.1,81.21,0.21,2.81,4.87,5.69,1.23,1.11,45.27,7.03,,1.6,6.2,6.6,14.29,74.85,0.19,2.42,4.11,4.13,1.02,1.11,31.63,7.17,,2.42,0.02527637965977192,0.024889320135116577,0.009280006401240826,1.0891914320993934,3.4998418850270383,0.044818270951509476,0.04398350417613983,0.016369856894016266,0.899048677098748,2.4076441364394965,0.03687700629234314,0.03152192011475563,0.03196674957871437,5.238575855456672,31.70755628081728,0.14321918785572052,0.14403937757015228,0.0419575572013855,0.2567207634200622,0.4852401361536356,0.3823619484901428,0.39074641466140747,0.09916802495718002,-0.26949407966296723,-0.2182536382425755,30135.6015625,30135.095703125,80.99366760253906,-0.1711844445975987,0.672309413736818,0.8215272426605225,0.8569346070289612,0.14036595821380615,-4.122209147638784,18.290492354240662,0.4542981684207916,0.4667235314846039,0.09236060082912445,-2.483955078485152,9.441934193470484,0.5544129014015198,0.5854012370109558,0.12867899239063263,-1.9159213076424404,4.680671489004085,0.5440027117729187,0.5499151945114136,0.08142790198326111,-3.9778022722385846,25.067790791892826,0.20647554099559784,0.2233467400074005,0.08416826277971268,-0.8855830111117974,0.44234681601058856,0.41000431776046753,0.42614346742630005,0.1688784509897232,-0.3911687194266861,-0.10017846964057808,6.691961855009117,6.072538952575779,,4713.6319316137
"Etapa 3 - Final fase reprodutiva, maturacao e colheita",2022-07-08,143,2022-07-08,143,50,776879.6480827129,8292977.154535684,6.4,6.6,20.62,125.67,0.32,2.74,4.37,6.64,3.16,1.11,51.56,8.31,,1.13,6.1,6.5,7.5,98.39,0.25,2.04,2.64,2.31,1.5,1.11,42.77,7.61,,2.04,0.030419642105698586,0.027386531233787537,0.014263010583817959,1.2529381726724667,1.3947996073813886,0.05241570994257927,0.047290682792663574,0.02436378225684166,1.1899410989497794,1.0901853009209175,0.0639791190624237,0.03721841797232628,0.07029738277196884,2.138398367781958,3.1633649695851656,0.1631583571434021,0.15836182236671448,0.054599329829216,0.5572781340522066,0.12971186181030392,0.36589324474334717,0.37208259105682373,0.10789208859205246,-0.12808557578109275,-0.49037374023977254,30209.185546875,30191.671875,79.47701263427734,0.7955840588432341,0.35440321150637866,0.7064809799194336,0.8351573944091797,0.2827453911304474,-1.7056975128998375,1.230509503494746,0.3782508373260498,0.43636083602905273,0.1620314121246338,-1.4650416704419087,0.8432435843987882,0.4808677136898041,0.5592405200004578,0.2107962667942047,-1.2338660793423213,0.2133992717870492,0.48134303092956543,0.5300630927085876,0.16719499230384827,-2.110655836631339,3.54608196033944,0.15409938991069794,0.17833934724330902,0.10178011655807495,-0.32790099091054337,-1.1756308373619162,0.353278249502182,0.3868198096752167,0.21488377451896667,-0.2619804330957633,-0.8912045572344955,6.969257506919933,5.639985370724824,,2678.7978950868
"Etapa 3 - Final fase reprodutiva, maturacao e colheita",2022-07-08,143,2022-07-08,143,51,777117.6285203915,8293307.62702215,6.4,6.7,31.42,89.77,0.23,2.74,4.39,6.55,1.68,1.11,51.04,7.68,,1.2,6.2,6.5,4.57,72.46,0.19,2.15,3.2,2.35,1.36,1.11,39.85,7.2,,2.15,0.03114677034318447,0.027333371341228485,0.017267165705561638,1.660244394227249,2.6550299022169677,0.056457508355379105,0.048381321132183075,0.03330778703093529,1.770546791913596,2.884768368268775,0.06351922452449799,0.041574690490961075,0.0658995658159256,2.544469396239485,5.468248915266265,0.16168895363807678,0.15680855512619019,0.05864059925079346,0.6946477814892009,0.4974284596689711,0.35470208525657654,0.3578132390975952,0.10159718990325928,-0.05453260226129685,-0.37170349752459053,30288.314453125,30276.5234375,73.89640045166016,1.3147057318871531,3.662363314866645,0.7097833156585693,0.8004633188247681,0.23933546245098114,-2.1420747026398668,3.42016103764709,0.37854430079460144,0.41428977251052856,0.13913941383361816,-1.585427882669926,2.0288762445413413,0.47177067399024963,0.5227096676826477,0.1799381673336029,-1.3943489230323187,1.2724945437521713,0.48934057354927063,0.5262064337730408,0.15306879580020905,-2.425795998935631,5.352178312063794,0.14302892982959747,0.156274676322937,0.09119386970996857,-0.17892880319888915,-0.9588984836031997,0.2989037036895752,0.31130093336105347,0.1676749587059021,-0.12764221940817258,-0.6721139905287066,6.846108149768482,5.858959935418733,,4198.0981445312
"Etapa 3 - Final fase reprodutiva, maturacao e colheita",2022-07-08,143,2022-07-08,143,52,777043.4805223201,8293242.335905791,6.3,6.7,19.95,101.11,0.26,2.64,4.65,6.3,1.87,11.86,216.74,8.9,,1.42,6.1,6.5,5.3,68.68,0.18,2.04,2.55,1.87,1.48,1.11,32.84,6.31,,2.04,0.029821455478668213,0.02718180976808071,0.014164421707391739,1.4459321304904318,2.493224410617124,0.05232697352766991,0.047744497656822205,0.02462032251060009,1.4443612532517403,2.5192245377359264,0.05865516886115074,0.04025672748684883,0.05694754421710968,2.5659355825326617,5.7545888762707715,0.15826918184757233,0.15521161258220673,0.05169910192489624,0.513637459075892,0.2629678898252972,0.3564467430114746,0.35945430397987366,0.09834159910678864,-0.06199602256898981,-0.3502784903385976,30258.298828125,30249.083984375,71.02606964111328,1.192161845563416,3.3563168045181406,0.7230998873710632,0.8101900815963745,0.22679907083511353,-2.1235189359226117,3.323526393678069,0.38425540924072266,0.4200073182582855,0.13493260741233826,-1.6306986857416559,2.122372179335853,0.48214662075042725,0.5320127606391907,0.1712082475423813,-1.3677697200038268,1.1712370708832447,0.5017144680023193,0.5271493196487427,0.12453383952379227,-2.719499637000746,8.286575068324588,0.1469396948814392,0.16322460770606995,0.0909750834107399,-0.2838259688624166,-0.9666160708496205,0.31299275159835815,0.329947829246521,0.17025117576122284,-0.2155126993141983,-0.6544478595442658,7.00333674156564,5.828382968373033,,3319.6651147153
"Etapa 3 - Final fase reprodutiva, maturacao e colheita",2022-07-08,143,2022-07-08,143,53,776974.3710164293,8293173.122972502,6.4,6.6,28.23,96.81,0.25,2.53,4.76,6.65,1.64,1.21,64.24,7.72,,1.35,6.1,6.4,5.53,64.8,0.17,2.15,2.9,2.19,1.54,1.11,44.01,7.19,,2.15,0.030567433685064316,0.028134647756814957,0.013857780024409294,1.1781210707607523,1.3457777737515588,0.053691815584897995,0.04965563490986824,0.023767173290252686,1.073189981617391,1.0084102724377857,0.06136142089962959,0.038776420056819916,0.0647285208106041,2.2947338490623523,3.961020588257041,0.16320829093456268,0.16009816527366638,0.05372665077447891,0.41921337740626247,-0.03264203107322672,0.3796021044254303,0.3870888948440552,0.11243046820163727,-0.1949360459191377,-0.3767944599920767,30229.412109375,30237.517578125,122.58338928222656,-0.34852659068283975,0.625088940839972,0.7205716967582703,0.8342759609222412,0.26540660858154297,-1.8448084335447703,1.774770709066539,0.3919459581375122,0.44297105073928833,0.15815293788909912,-1.5243472172183479,1.2077270638277717,0.4990233778953552,0.5707908868789673,0.20293530821800232,-1.3261000473218072,0.5433382344264746,0.5025227665901184,0.538364589214325,0.148437038064003,-2.119071682244201,4.940803553696535,0.16359899938106537,0.19095730781555176,0.09995757788419724,-0.4841956055343833,-1.0154094185044746,0.3524583578109741,0.38645869493484497,0.20192629098892212,-0.35886585262605414,-0.7818158709148588,6.939247563152193,5.69688561596943,,2398.9233480191
"Etapa 3 - Final fase reprodutiva, maturacao e colheita",2022-07-08,143,2022-07-08,143,54,776918.7991762616,8293110.160872483,6.3,6.6,28.75,96.16,0.25,2.62,4.6,9.72,1.74,1.18,48.57,7.69,,1.26,6.2,6.5,7.91,71.42,0.18,2.34,2.8,2.29,1.4,1.11,39.39,6.83,,2.34,0.03723790869116783,0.032780520617961884,0.016577480360865593,0.49888575054586726,-0.7613974063104907,0.06394831836223602,0.05662662535905838,0.028668450191617012,0.43878732219570155,-0.9127051829555497,0.1000414714217186,0.048214636743068695,0.09006360173225403,0.8933983346361677,-0.8975738883795574,0.18067722022533417,0.17318767309188843,0.06446298211812973,0.17073212676755842,-0.8430533963279463,0.34661850333213806,0.321571409702301,0.13278210163116455,0.322260476740438,-0.33625658872692465,30215.998046875,30208.19140625,90.60553741455078,0.21797675273974795,0.4227739773530037,0.5454702973365784,0.7824536561965942,0.36519140005111694,-0.4738459884745239,-1.636170709479594,0.2964785695075989,0.39889344573020935,0.2162826508283615,-0.33283503135482206,-1.5667058122450683,0.3808702826499939,0.4912712574005127,0.27235111594200134,-0.24922996294205016,-1.6333137963869266,0.420007586479187,0.5235425233840942,0.2366187870502472,-0.840564118310673,-0.5364315387247083,0.11470374464988708,0.10165028274059296,0.11440014094114304,0.305851382549296,-1.4704142933065925,0.25694504380226135,0.2641465663909912,0.23518308997154236,0.279719124507211,-1.2613200627399526,7.053099280518019,4.625339587090213,,493.92729454981
